regime,count,mean,daily_std,annualized_mean,annualized_vol
carry,170,0.0006318019144903954,0.01686721253389044,0.22492148155858077,0.3182499295902221
panic,119,0.0006178803380126782,0.038858318530728304,0.21996540033251344,0.7331772876846726
stable_range,524,0.0015021143313797304,0.0245592352997637,0.5347527019711841,0.46338272487141846
stress,253,-0.0002618713720413236,0.035608607223921174,-0.0932262084467112,0.6718618573785736
