,carry,stable_range,stress,panic
carry,0.9539877300613497,0.046012269938650305,0.0,0.0
stable_range,0.028680688336520075,0.9388145315487572,0.032504780114722756,0.0
stress,0.0,0.08762886597938144,0.8917525773195877,0.020618556701030927
panic,0.0,0.0,0.18181818181818182,0.8181818181818182
